geoid,no_internet_pct,no_computer_pct
27053103900,-0.400317712,0
27077460300,-0.375571522,0.092749837
27135970100,-0.359371162,0.109309752
27135970500,-0.336790393,0.110262009
27053104900,-0.326219012,0.015104252
27077460400,-0.305580558,0.161116112
27053104800,-0.298644238,0.082852122
27135970200,-0.286694102,0.048010974
27069090200,-0.275461741,0.086015831
27053106000,-0.273224044,0.162226776
27123033700,-0.263616558,0.175744372
27135970400,-0.258709482,0.088458043
27053100700,-0.253371869,0.038856776
27053125600,-0.237104338,0.017584994
27105105400,-0.220058626,0.064279732
27109000100,-0.212209302,0.306395349
27053003800,-0.211892311,0.003098973
27053102300,-0.210889042,0.119917298
27053021502,-0.206444254,0.114627887
27123035900,-0.20505992,0.098535286
27053026819,-0.204436451,0.086330935
27069090100,-0.203628118,0.126077098
27053125700,-0.201140065,0.044788274
27123033500,-0.201081359,0.059217302
27053005901,-0.195575221,0.205752212
27053003200,-0.193096009,0.05231931
27053980000,-0.18852459,0.426229508
27037060805,-0.187865722,0.020018479
27137001900,-0.18662748,0.367376929
27053102000,-0.186337625,0.028254649
27123032500,-0.184910486,0.063171355
27135970300,-0.182857143,0.076883117
27053005902,-0.180888575,0.150916784
27047180800,-0.180172414,0.049137931
27129790500,-0.179680151,0.084352462
27123031400,-0.179663346,0.04671934
27017940000,-0.178002894,0.119030391
27145011301,-0.17526952,0.025971905
27137001700,-0.174574754,0.189794091
27145010600,-0.174510303,0.104807937
27067780800,-0.174219537,0.068479355
27137001300,-0.171555064,0.066408412
27053100800,-0.169845361,0.154639175
27053020804,-0.169662567,0.088615579
27053026818,-0.167208452,0.079236083
27053102800,-0.166866747,0.12515006
27127750600,-0.166073547,0.112692764
27129790400,-0.163636364,0.113043478
27053105700,-0.162799544,0.096995055
27053105400,-0.162244124,0.10272934
27053106400,-0.160685592,0.101767542
27155460200,-0.160513644,0.105939005
27053026810,-0.159465397,0.11149762
27007940002,-0.158865248,0.130969267
27111960900,-0.158763611,0.100807868
27053108600,-0.158263773,0.060100167
27053022302,-0.157203807,0.027896291
27053008200,-0.156862745,0.104575163
27053008500,-0.156652361,0.108466641
27053125900,-0.156237049,0.090965603
27001770200,-0.154620311,0.100640439
27007940001,-0.153793691,0.23086104
27053106900,-0.153253012,0.037108434
27013171202,-0.153122901,0.026695769
27003050501,-0.151111111,0.178412698
27137000300,-0.150604143,0.105149597
27035951000,-0.150013763,0.094412331
27053101600,-0.15,0.137109375
27053100400,-0.15,0.148417722
27111961500,-0.14929388,0.088096839
27001770300,-0.149022043,0.136293077
27129790200,-0.148861646,0.093987157
27129790100,-0.147754137,0.098896769
27041450600,-0.146992153,0.110723627
27053020304,-0.146221532,0.039855072
27143170300,-0.145365169,0.098314607
27115950400,-0.145053102,0.134991615
27123041602,-0.143660532,0.109406953
27053020500,-0.143572621,0.025876461
27053026809,-0.143323657,0.139876633
27053104000,-0.143124415,0.021671344
27139080100,-0.142922584,0.060009162
27053126000,-0.142665388,0.197315436
27053106200,-0.142398815,0.106367226
27137011200,-0.142095358,0.130489335
27053101800,-0.141298959,0.036936044
27057070600,-0.141215107,0.115489874
27053026511,-0.140665627,0.014040562
27053000102,-0.140357409,0.066455696
27171100202,-0.139911635,0.013254786
27115950500,-0.139737065,0.160941476
27015960102,-0.139734582,0.078844653
27021960301,-0.139278557,0.069138277
27061940000,-0.13911368,0.118304432
27005940000,-0.13875969,0.135400517
27007450600,-0.138358008,0.062987887
27093560600,-0.137826962,0.098926895
27137003300,-0.137469586,0.050283861
27123030704,-0.137438643,0.075412762
27053125500,-0.137177462,0.065034229
27065480100,-0.136457412,0.129089302
27037060502,-0.135799523,0.069689737
27053009500,-0.135745105,0.119814139
27129790600,-0.135573123,0.117786561
27127750400,-0.135459534,0.093278464
27053020200,-0.134890434,0.05865372
27053008400,-0.134548003,0.071829012
27149480300,-0.13430472,0.03801077
27053007801,-0.134249471,0.036469345
27111961400,-0.13372336,0.07981613
27061480600,-0.133531157,0.097551929
27053020303,-0.133294187,0.019964768
27013171600,-0.133198278,0.018232464
27093560400,-0.131679389,0.097328244
27033270200,-0.131669535,0.124784854
27127750200,-0.131640494,0.090878717
27117460200,-0.131067961,0.217367853
27027030107,-0.130979499,0.076309795
27145000500,-0.130662477,0.060356114
27051070100,-0.129773463,0.06407767
27111960300,-0.1294629,0.099658491
27053006800,-0.128679344,0.036728315
27165950200,-0.128510447,0.186474949
27017070600,-0.128266747,0.13637729
27009021200,-0.127267138,0.054872425
27169670400,-0.127043244,0.041382164
27129790300,-0.126873662,0.06745182
27053024903,-0.126144051,0.044170314
27145010402,-0.12564291,0.068577027
27171100400,-0.124726912,0.08123138
27037060711,-0.124702317,0.094609223
27027020600,-0.124628345,0.064420218
27115950800,-0.124614436,0.150215916
27037060105,-0.124365482,0.075946896
27057070400,-0.123332131,0.08077894
27087940300,-0.123321123,0.181115181
27017070200,-0.123216602,0.100389105
27123031500,-0.123091306,0.055468993
27105105500,-0.122946176,0.112181303
27115950600,-0.122795558,0.074896582
27145000601,-0.122759857,0.057945042
27099000100,-0.122351695,0.118114407
27037060104,-0.122070845,0.092824705
27127750100,-0.122069222,0.091924079
27123033600,-0.12202208,0.043579314
27111960600,-0.121913237,0.104783092
27053021503,-0.121824365,0.076015203
27037060509,-0.121057118,0.045865303
27053101300,-0.121022179,0.088235294
27123031300,-0.120374136,0.099633998
27027030201,-0.120216729,0.097189299
27113090500,-0.119697379,0.072683059
27021960200,-0.119446773,0.111902766
27089080200,-0.119307832,0.077413479
27107960300,-0.119236143,0.11597578
27027020400,-0.118378378,0.097837838
27021960600,-0.118062563,0.077362933
27017070500,-0.118040527,0.08872713
27107960100,-0.117954911,0.147342995
27107960200,-0.117779024,0.171060011
27037060727,-0.117385787,0.030139594
27053110000,-0.117053481,0.016145308
27053100900,-0.116953219,0.150139944
27093560200,-0.116635591,0.065257924
27137013100,-0.116556837,0.184102142
27041450701,-0.116420664,0.077306273
27121970400,-0.116376531,0.095099936
27137012500,-0.116003063,0.084609495
27123042202,-0.115655317,0.072665018
27003051502,-0.115565299,0.070466646
27001770400,-0.115525876,0.115191987
27137012200,-0.115511551,0.085808581
27143170200,-0.1152252,0.096988118
27123033400,-0.114728682,0.145736434
27137012400,-0.114467061,0.056905231
27137012700,-0.113733906,0.118025751
27053105600,-0.113625972,0.055098308
27053109700,-0.11292897,0.087390263
27081201002,-0.112577924,0.117711771
27053105204,-0.112513925,0.083178611
27165950100,-0.112506827,0.10704533
27053104100,-0.112340426,0.058439716
27071790100,-0.112337974,0.150264042
27099000800,-0.111823544,0.060015389
27123034400,-0.111801242,0.034161491
27053103400,-0.111707163,0.052066898
27053020801,-0.111279717,0.107738998
27063480200,-0.110858701,0.080872331
27047180500,-0.110817942,0.103382106
27005450600,-0.110433191,0.083892617
27173970200,-0.11038961,0.153525046
27145011500,-0.109675386,0.077056413
27055020500,-0.109309114,0.088874473
27053025801,-0.109120521,0.023778502
27053109400,-0.109107721,0.04900601
27053008300,-0.108662225,0.050230651
27061481000,-0.107958252,0.093281148
27053002700,-0.10771369,0.041695622
27047180900,-0.107650438,0.132748715
27123033200,-0.107500864,0.086415486
27003051206,-0.107397504,0.071746881
27137013900,-0.107172996,0.133333333
27079950200,-0.107142857,0.072315883
27063480300,-0.107066381,0.068522484
27123042201,-0.106951872,0.044786096
27123032600,-0.106911142,0.099012694
27111960102,-0.106750392,0.072213501
27115950300,-0.106666667,0.135185185
27137001200,-0.106164384,0.051940639
27053024004,-0.10560038,0.098955861
27111961700,-0.105567387,0.065409188
27053000101,-0.105543376,0.03382399
27111961300,-0.105263158,0.129841112
27119020900,-0.105001382,0.13456756
27127750500,-0.104860314,0.122081898
27053025403,-0.104853911,0.034872762
27059130100,-0.10483871,0.053225806
27053024400,-0.104706771,0.145230305
27137015800,-0.104549563,0.145224465
27053026816,-0.104339797,0.03862727
27053104400,-0.103994927,0.037412809
27145010403,-0.103990326,0.085550181
27015960600,-0.103773585,0.080188679
27137003800,-0.103760446,0.117688022
27085950500,-0.103460707,0.078226388
27099001400,-0.103356103,0.068013068
27027020300,-0.103318508,0.112897708
27119020500,-0.103291317,0.076330532
27049080800,-0.103235014,0.044481446
27153790600,-0.102849389,0.160651289
27151960200,-0.102539063,0.156575521
27111960700,-0.102480683,0.101260675
27065480200,-0.102469785,0.105885444
27053020302,-0.10243701,0.092110698
27137013500,-0.101739589,0.094359515
27065480300,-0.101564645,0.07136975
27053025601,-0.101537217,0.064724919
27123031900,-0.101424501,0.029059829
27023950300,-0.101234568,0.120493827
27003050116,-0.101213697,0.022323364
27067781100,-0.101139601,0.068732194
27137010500,-0.100941423,0.027981172
27021960100,-0.100625652,0.156934307
27149480100,-0.1,0.093913043
27053001700,-0.1,0.096412556
27153790400,-0.09972719,0.132161261
27053108800,-0.099705015,0.075516224
27089080400,-0.099699022,0.095936795
27031480200,-0.099681866,0.066277837
27157490400,-0.099424269,0.070637733
27053103000,-0.099333737,0.026650515
27053102600,-0.099186165,0.045269583
27075370300,-0.099028228,0.086996761
27023950600,-0.098547527,0.109762824
27121970100,-0.098504837,0.110378188
27021940002,-0.098366122,0.155718573
27067780500,-0.098356808,0.081924883
27143170198,-0.09807516,0.065307058
27043460200,-0.097765363,0.12150838
27137015600,-0.097674419,0.152325581
27137013200,-0.097534543,0.107017069
27095170600,-0.097456109,0.051594411
27087940100,-0.097161937,0.156928214
27091790200,-0.097079716,0.074980268
27091790400,-0.096791735,0.080478521
27027020500,-0.096710656,0.08449872
27051070200,-0.09666908,0.085445329
27171100500,-0.096433847,0.054863895
27137013000,-0.096314496,0.183292383
27053020903,-0.096218771,0.050979068
27145011600,-0.095820591,0.086646279
27049080101,-0.095661846,0.114015573
27041450200,-0.09557426,0.05756177
27037060710,-0.095463609,0.040628116
27137012100,-0.095396193,0.134130146
27123030602,-0.095386833,0.073041807
27017070400,-0.095105603,0.081193879
27151960400,-0.094910591,0.149014214
27053020600,-0.094856064,0.127418594
27155460100,-0.094689379,0.097695391
27115950200,-0.094628246,0.10565635
27109001702,-0.09452412,0.032594524
27123041107,-0.094508718,0.027049047
27095170500,-0.094370097,0.095754499
27133570100,-0.094324214,0.081665986
27097780100,-0.094170404,0.100034495
27123040902,-0.094012984,0.081990863
27053105201,-0.093962008,0.061736771
27171101200,-0.093956323,0.095733875
27053025100,-0.093895037,0.034273474
27169670700,-0.093661061,0.077878396
27075370400,-0.0936539,0.077159631
27049080500,-0.093490747,0.047862157
27123030601,-0.093304607,0.11136891
27115950100,-0.093133047,0.109871245
27123031802,-0.093065281,0.027106393
27053020101,-0.092912448,0.045562835
27037060741,-0.092899986,0.015343842
27061480400,-0.092887029,0.092608089
27041450900,-0.092749658,0.056634747
27097780400,-0.092599768,0.126695079
27021960302,-0.092436975,0.089915966
27159480300,-0.092116358,0.150505902
27093560500,-0.091961214,0.096965906
27095970100,-0.091724826,0.168494516
27137013800,-0.091714105,0.189753321
27117460500,-0.091684435,0.080490405
27137003400,-0.091672046,0.057456423
27153790300,-0.091585761,0.275404531
27071790500,-0.09152831,0.10259685
27053125800,-0.091458658,0.100429017
27083360700,-0.091385055,0.053783912
27111960103,-0.091346154,0.046153846
27067781200,-0.091341256,0.071307301
27123033100,-0.09129902,0.06372549
27061480300,-0.091210614,0.113954039
27137002900,-0.091133005,0.073891626
27001770100,-0.091068301,0.112521891
27003051102,-0.091049724,0.032044199
27053107000,-0.090999751,0.033657442
27153790200,-0.090975255,0.225982533
27035951100,-0.090654859,0.060358891
27047181000,-0.090465632,0.089578714
27053012101,-0.090365449,0.12358804
27123032000,-0.090307044,0.066225166
27097780200,-0.090115533,0.096020539
27145000401,-0.090069284,0.023805294
27053024005,-0.089967028,0.13000471
27123031801,-0.089951073,0.027286413
27053103100,-0.089914367,0.158896289
27053020400,-0.089823875,0.042661448
27037060746,-0.089591957,0.035777646
27105105600,-0.089463642,0.134831461
27123036800,-0.08923784,0.032171582
27003051302,-0.088899232,0.081917617
27053100200,-0.088882697,0.084146002
27057070500,-0.088757396,0.082492168
27053026702,-0.088324488,0.110689917
27059130200,-0.088164973,0.094739988
27123040502,-0.08809436,0.036859565
27111960500,-0.088004704,0.092708742
27153790500,-0.087848297,0.100619195
27053025201,-0.087729249,0.058423142
27027020202,-0.087687415,0.141753748
27123037200,-0.087655942,0.031680893
27007450300,-0.087608339,0.04450691
27119020700,-0.08745583,0.106448763
27145000301,-0.087329781,0.039668443
27053102100,-0.087258123,0.124132895
27095970200,-0.087171679,0.14236772
27053009600,-0.087107086,0.005860416
27053025302,-0.086915446,0.095418044
27053021501,-0.086913087,0.131368631
27109002100,-0.086811617,0.044119981
27123030500,-0.08677686,0.095518118
27137011100,-0.086610694,0.060686404
27067780100,-0.086553323,0.049459042
27153790700,-0.086466165,0.155209452
27037060725,-0.086375321,0.035475578
27053024600,-0.086323714,0.048431619
27101900300,-0.086144776,0.086144776
27145000602,-0.086075949,0.027848101
27123033300,-0.085689803,0.012282205
27079950400,-0.085622833,0.073086156
27071790200,-0.085591133,0.095648604
27035951600,-0.085513471,0.107770402
27149480200,-0.085496183,0.083715013
27121970300,-0.08549323,0.102901354
27053025605,-0.085484796,0.055077453
27099001200,-0.085457271,0.107946027
27009020100,-0.085296217,0.075838687
27035950501,-0.085195002,0.057932601
27007450500,-0.085133418,0.111817027
27123030400,-0.085121012,0.037128713
27005450800,-0.085097192,0.070410367
27047180400,-0.085076709,0.055788006
27127750300,-0.084869059,0.082929195
27047180200,-0.084758942,0.073872473
27123032100,-0.084683955,0.034035656
27067780200,-0.084550686,0.079238601
27015960500,-0.084534917,0.095278485
27165950300,-0.084533038,0.101144334
27053021100,-0.08444217,0.031729785
27015960300,-0.084221039,0.072237017
27145011400,-0.083988126,0.01763576
27053024902,-0.08391338,0.075406032
27061480801,-0.083860759,0.039161392
27123031702,-0.083701161,0.065064574
27015960700,-0.083604136,0.095420975
27029000100,-0.083490744,0.128069513
27137015200,-0.083431953,0.118047337
27111961000,-0.083353236,0.161213279
27001790501,-0.083333333,0.150212314
27053022802,-0.083309144,0.075181422
27137010100,-0.083176515,0.103876553
27103480200,-0.083035714,0.060714286
27025110100,-0.082996973,0.041372351
27019091201,-0.082674051,0.064082278
27123033000,-0.082434515,0.078582435
27073180100,-0.0824202,0.110528823
27123030800,-0.082397004,0.068129124
27021960700,-0.082341964,0.113599254
27137001600,-0.082269504,0.070921986
27065480400,-0.082269504,0.110030395
27123042800,-0.082225914,0.10423588
27097780800,-0.081670969,0.104435579
27003050505,-0.081602374,0.058711318
27145010500,-0.08157831,0.096828855
27049080600,-0.081421006,0.056928508
27163070406,-0.081410766,0.046141607
27091790100,-0.081329562,0.090523338
27137014000,-0.081210956,0.086496877
27009020206,-0.081127983,0.152277657
27059130400,-0.080932425,0.052907281
27137003600,-0.080614203,0.195137556
27083360100,-0.0805841,0.066522445
27029000200,-0.08036012,0.107035679
27105105300,-0.080218396,0.098278034
27037060401,-0.080015924,0.069665605
27045960300,-0.079943503,0.092655367
27137015100,-0.079884851,0.076286434
27113090400,-0.079655172,0.097241379
27061480100,-0.079649891,0.137417943
27101900200,-0.079606724,0.095147479
27109001201,-0.079485084,0.048835309
27123040704,-0.079374276,0.041521823
27123031000,-0.079280156,0.04790856
27111960800,-0.079239303,0.063391442
27099001000,-0.079202586,0.086476293
27095170400,-0.079118029,0.065777284
27043460500,-0.07898201,0.104870557
27123031100,-0.078907048,0.056435138
27053001100,-0.078488372,0.048449612
27037060102,-0.078330893,0.058931186
27137002200,-0.078324226,0.098360656
27031480100,-0.078185616,0.08296031
27123037402,-0.078169685,0.049094376
27151960100,-0.077977721,0.083976007
27125010200,-0.077804296,0.092601432
27035950502,-0.077800407,0.070468432
27123033800,-0.077699294,0.054994955
27067770900,-0.07753051,0.101579325
27047180600,-0.077390386,0.095351294
27145000701,-0.077317699,0.09417369
27139080700,-0.077287066,0.052839117
27053023400,-0.077110786,0.071416951
27079950300,-0.077101719,0.066186716
27123034601,-0.077092511,0.106277533
27035950800,-0.076968738,0.041353383
27111961200,-0.076857749,0.053927813
27105105200,-0.076824584,0.08418694
27033270400,-0.076812635,0.109834889
27009020202,-0.076759062,0.071073205
27053023300,-0.076752893,0.072328114
27053126100,-0.076683598,0.071276421
27053027501,-0.076633444,0.050719823
27081201001,-0.076565295,0.150268336
27137010600,-0.076428358,0.040981155
27047180300,-0.076342788,0.07966204
27067780300,-0.076326326,0.05955956
27111961600,-0.076177895,0.095992955
27037060904,-0.076116272,0.040155829
27085950700,-0.076007326,0.058241758
27141030503,-0.075947197,0.042345277
27123036300,-0.075772358,0.042276423
27007450702,-0.075631649,0.084441489
27009020205,-0.075418113,0.047964658
27003050402,-0.075396825,0.083333333
27049080200,-0.075325435,0.052362147
27021960802,-0.075227273,0.088409091
27123035500,-0.075194865,0.036680422
27033270300,-0.075108628,0.079453755
27095170700,-0.075090909,0.118363636
27095970300,-0.07505864,0.09421423
27145001001,-0.075031211,0.047940075
27053102900,-0.074925816,0.064540059
27121970200,-0.074812968,0.065906662
27101900100,-0.074686717,0.094736842
27123040200,-0.074525085,0.04724793
27123037602,-0.074291498,0.129959514
27123034201,-0.07428115,0.015974441
27005450100,-0.074235808,0.089015788
27067780700,-0.074215761,0.056108136
27115950700,-0.074170274,0.089177489
27147960400,-0.074155653,0.069750367
27089080100,-0.074107143,0.116071429
27057070200,-0.07402863,0.055623722
27003050709,-0.073907717,0.039608003
27061480500,-0.073836276,0.104333868
27137002600,-0.073836276,0.035313002
27057070700,-0.073622403,0.079494128
27141030101,-0.073274,0.01788646
27173970400,-0.072921731,0.067087992
27123042002,-0.07253886,0.038660821
27091790600,-0.072486535,0.114901257
27041450100,-0.07247765,0.090996169
27073180300,-0.07245867,0.081252198
27171101100,-0.072392031,0.041207771
27053026016,-0.072284003,0.045480468
27137013600,-0.072140762,0.106744868
27043460400,-0.071882314,0.121029756
27029000300,-0.071850394,0.17519685
27161790300,-0.071736964,0.064762537
27053109100,-0.071693449,0.005974454
27053023901,-0.071584699,0.016393443
27167950100,-0.07152231,0.080708661
27079950100,-0.071490468,0.050548816
27125010100,-0.071276596,0.105319149
27053026811,-0.071250208,0.020476111
27003050114,-0.071240972,0.029218647
27117460100,-0.071105365,0.096961862
27137002300,-0.071072319,0.061097257
27157490200,-0.071007752,0.082790698
27021940001,-0.07095507,0.114166462
27053012102,-0.070944742,0.027094474
27053025205,-0.070859539,0.03312369
27119020400,-0.070716659,0.075462743
27099000300,-0.07063922,0.061971831
27043460300,-0.070636311,0.103327496
27137001400,-0.070559611,0.025547445
27037060750,-0.070339721,0.043336237
27013171101,-0.070327103,0.012383178
27169671000,-0.070317116,0.115816427
27089080300,-0.070191431,0.120783956
27123042101,-0.070105591,0.098147828
27053026019,-0.070001651,0.049859667
27035951700,-0.069986072,0.051880223
27139080906,-0.069981953,0.03990375
27043460600,-0.069965211,0.11751063
27169670500,-0.069832402,0.094661701
27053026020,-0.069748904,0.085292945
27045960600,-0.069598338,0.122229917
27109001800,-0.069558421,0.01660805
27153790800,-0.069364162,0.103468208
27137013400,-0.069340585,0.065601632
27123031200,-0.06923626,0.097787295
27145011000,-0.069179143,0.119256582
27003050609,-0.069121813,0.037393768
27027030102,-0.068921095,0.044605475
27003050901,-0.068894602,0.03907455
27003050115,-0.068765834,0.026239595
27123040402,-0.068655037,0.02269743
27045960200,-0.068599248,0.069926975
27097780500,-0.068573668,0.115203762
27161790400,-0.068571429,0.064285714
27011950300,-0.068443051,0.149425287
27037060726,-0.06841716,0.031804734
27053022700,-0.068409091,0.034318182
27063480100,-0.068368277,0.080674567
27037060749,-0.068365444,0.027967682
27109000500,-0.068322981,0.040372671
27011950100,-0.068230277,0.07604833
27111960400,-0.068181818,0.059545455
27163070703,-0.068055039,0.035701004
27003050810,-0.068010076,0.070070987
27093560100,-0.067914758,0.06233818
27053003300,-0.067855758,0.055447848
27137015500,-0.067819508,0.092677655
27123034202,-0.0677315,0.100687424
27053103700,-0.067710843,0.074939759
27123042501,-0.067677124,0.051639055
27025110301,-0.067674765,0.047347546
27041450702,-0.06766655,0.049529125
27159480200,-0.067420034,0.096341697
27137012300,-0.067362017,0.089960887
27137011300,-0.067234848,0.130681818
27137012800,-0.067153793,0.150313152
27053025907,-0.067122702,0.011329628
27109001401,-0.067103479,0.045865341
27033270100,-0.067055394,0.108236152
27023950500,-0.067052581,0.086348288
27159480100,-0.066994468,0.08973571
27053027203,-0.066938776,0.056598639
27131070400,-0.066894198,0.073720137
27005450500,-0.066696409,0.093464198
27097780300,-0.066677535,0.080534724
27007450400,-0.066521265,0.100690658
27013170700,-0.066514633,0.050931205
27137010300,-0.066359548,0.053855435
27009021101,-0.066358025,0.037165638
27045960400,-0.066326531,0.15497449
27171100702,-0.066298343,0.054495229
27105105100,-0.066202091,0.082229965
27039950500,-0.066196699,0.052957359
27035950100,-0.06612996,0.085681426
27053021002,-0.066119938,0.102511533
27141030403,-0.066026038,0
27145011100,-0.065964912,0.077192982
27145010900,-0.065948502,0.114555964
27007450100,-0.065934066,0.04532967
27001790502,-0.065912117,0.086884154
27003051501,-0.065903573,0.163371488
27117460300,-0.065851364,0.064440263
27061480802,-0.065835411,0.096093101
27013171400,-0.065819861,0.077655889
27037061502,-0.06580938,0.02193646
27137001000,-0.065714286,0.004897959
27099001300,-0.065704772,0.097669256
27133570200,-0.065678582,0.064225516
27013170900,-0.065503621,0.062541145
27097780600,-0.065453137,0.124515879
27003051202,-0.065434272,0.076877934
27131070601,-0.065431059,0.092108958
27143170400,-0.065352697,0.09906639
27027020100,-0.065321614,0.107670795
27133570300,-0.065317387,0.075130328
27145010102,-0.065309584,0.033290925
27045960500,-0.065196548,0.29082774
27003051101,-0.065164568,0.073779545
27173970100,-0.065136686,0.045224435
27053026815,-0.065123789,0.011840689
27119020800,-0.065026362,0.110281195
27043460100,-0.064859117,0.087187666
27137015400,-0.06483871,0.098064516
27009021102,-0.064651368,0.083627538
27145011302,-0.064603537,0.070308043
27003050111,-0.064602242,0.018152696
27059130302,-0.064600448,0.177744586
27167950200,-0.064474944,0.110118098
27035951400,-0.064332845,0.06909824
27059130502,-0.064253949,0.028676583
27123042302,-0.063998415,0.045373489
27113090300,-0.063839924,0.051453073
27131070700,-0.063811745,0.091159635
27027030103,-0.063801772,0.049078286
27053107400,-0.063742988,0.081591025
27171100203,-0.063548551,0.036942891
27145010401,-0.063409563,0.0745842
27015960101,-0.063406771,0.087049973
27037060737,-0.063388866,0.044494108
27005450900,-0.063254927,0.075651621
27173970300,-0.063149148,0.102617366
27169670100,-0.063086336,0.05139361
27053026007,-0.063081696,0.011375388
27099000900,-0.063079777,0.0317718
27053024802,-0.063063063,0.038288288
27131070300,-0.062997347,0.107427056
27161790500,-0.062992126,0.081692913
27141031500,-0.062917064,0.095805529
27123031600,-0.062828421,0.064656157
27013171000,-0.062813329,0.074314362
27003050707,-0.062752709,0.016496846
27137011400,-0.062693979,0.12849162
27109001602,-0.062460766,0.010043942
27003050607,-0.062445981,0.055099395
27145011200,-0.062424426,0.057738815
27025110200,-0.062405127,0.060043852
27053025702,-0.062387792,0.054308797
27163070704,-0.062335712,0.090499437
27041450800,-0.062333826,0.075923191
27003050702,-0.062254458,0.037171351
27099000410,-0.062022472,0.114606742
27123041400,-0.062001771,0.077945084
27061480900,-0.061891727,0.067822384
27053025603,-0.061819172,0.050653595
27117460400,-0.061759201,0.081097941
27027030202,-0.06173097,0.070907195
27053027001,-0.061473088,0.032294618
27103480502,-0.06122449,0.047409733
27047180100,-0.061018131,0.076359833
27045960100,-0.061005518,0.084917229
27141030102,-0.060899046,0.033149171
27053002200,-0.060726073,0.144554455
27147960800,-0.060657119,0.114855378
27123032700,-0.060639471,0.113928703
27037060101,-0.060614604,0.058641105
27053105500,-0.060574949,0.038501027
27055020200,-0.060520362,0.082579186
27003050706,-0.060512504,0.059895029
27053109200,-0.060509554,0.04044586
27025110401,-0.060479313,0.043635541
27123042700,-0.060457516,0.018382353
27085950600,-0.060363479,0.083080917
27139080301,-0.060275312,0.00912275
27103480600,-0.060098793,0.089187706
27083360400,-0.060082705,0.059596205
27067781000,-0.059772296,0.101518027
27025110501,-0.059705418,0.091793793
27003050608,-0.059505579,0.101290746
27005450300,-0.059323635,0.061779709
27163071208,-0.059039876,0.014130856
27053002400,-0.058946488,0.101170569
27053101900,-0.058937573,0.133385033
27003051304,-0.058849363,0.068950373
27053026903,-0.058743169,0.052823315
27003050401,-0.058708415,0.039530333
27139080203,-0.058689024,0.003810976
27053026814,-0.058488083,0.045766925
27053026508,-0.05836329,0.048847536
27111961100,-0.05835604,0.055858311
27013171500,-0.05830699,0.116262733
27083360500,-0.05829718,0.085954447
27003050809,-0.058227848,0.028797468
27109002000,-0.058143029,0.059945913
27113090100,-0.057907348,0.053115016
27123034701,-0.05775015,0.063966312
27053026807,-0.057509673,0.060147731
27037060503,-0.057443848,0.02782747
27037060745,-0.057353269,0.029234546
27123032400,-0.057236842,0.109210526
27053108700,-0.057134971,0.062103229
27119021000,-0.057071269,0.101614699
27109001502,-0.057063049,0.009177973
27007450200,-0.057057057,0.087719298
27171100100,-0.056995831,0.02970297
27141030404,-0.056938001,0.022458878
27025110700,-0.05677517,0.049205148
27123040707,-0.056666667,0.046888889
27003050110,-0.056301268,0.024235645
27109001900,-0.056256713,0.030612245
27109000200,-0.056169637,0.127678773
27103480100,-0.05613616,0.052851597
27037060506,-0.056113744,0.027109005
27053026909,-0.055847076,0.021214393
27037060709,-0.055322862,0.009598604
27083360600,-0.055170021,0.081887578
27119020200,-0.055155875,0.164668265
27053106700,-0.055066079,0.052863436
27053011998,-0.055056997,0.04487024
27151960300,-0.055056852,0.070616397
27037060905,-0.055008363,0.011707861
27123031701,-0.054871965,0.044562687
27157490500,-0.054794521,0.069658992
27123042900,-0.05476621,0.017049858
27019090301,-0.05458951,0.055729761
27053023200,-0.054515327,0.025352113
27123042001,-0.054511278,0.003759398
27123041001,-0.054265903,0.065119084
27097780700,-0.05426028,0.109368376
27037060811,-0.054251332,0.065101598
27049080900,-0.054239073,0.054239073
27037060302,-0.054151625,0.022771452
27169670900,-0.05413929,0.091458607
27145011304,-0.053880177,0.058303177
27147960100,-0.053774351,0.061079545
27053027602,-0.053643354,0.030757964
27053021200,-0.053587245,0.035429584
27123040901,-0.053563111,0.072193759
27013170300,-0.053355155,0.031423895
27163070912,-0.053117783,0.064335203
27049080300,-0.053058024,0.083899634
27169670600,-0.052950076,0.054715078
27137002400,-0.052919708,0.096715328
27083360200,-0.052906798,0.037834512
27099000200,-0.052904564,0.044605809
27053026514,-0.052893591,0.051026758
27053102500,-0.052805281,0.031683168
27053023801,-0.052709725,0.008537491
27171101300,-0.052685318,0.073718603
27011950200,-0.052631579,0.198830409
27005450700,-0.052631579,0.036967419
27053026404,-0.052524128,0.017260579
27109000902,-0.052370452,0.098125689
27053011000,-0.052331887,0.027928416
27003050218,-0.052283465,0.019527559
27041450500,-0.05211498,0.056087871
27091790300,-0.052105949,0.082066869
27123040302,-0.051845018,0.048339483
27123036700,-0.051693405,0.047682709
27123030702,-0.051684533,0.046324655
27027030104,-0.051667977,0.034033472
27037060739,-0.051617594,0.011450382
27053023000,-0.051559516,0.022278803
27163070602,-0.051202961,0.042257866
27123042301,-0.051119278,0.028733712
27003050811,-0.051074322,0.055653399
27123042601,-0.050929669,0.044462409
27137010200,-0.050890585,0.074427481
27037060829,-0.050872523,0.007098492
27053027300,-0.050748938,0.048513302
27005450200,-0.050672646,0.213004484
27053021602,-0.05035461,0.066843972
27037060735,-0.050353029,0.050353029
27137002000,-0.050326188,0.09972041
27079950600,-0.050209205,0.063807531
27131070200,-0.050182482,0.042335766
27037060815,-0.050144648,0.013693346
27035950700,-0.050088867,0.087251575
27057070300,-0.0500516,0.089783282
27035950204,-0.049649905,0.066199873
27053026820,-0.049529886,0.017377435
27005450400,-0.049382716,0.064117881
27137001800,-0.049375709,0.093643587
27053109300,-0.049367704,0.048151751
27163070303,-0.049338147,0.077617329
27139080302,-0.049290272,0.02584972
27053026507,-0.0492276,0.017713697
27123034702,-0.049172463,0.052290717
27145010200,-0.04914966,0.061394558
27053103600,-0.048984996,0.015445719
27139080800,-0.048900048,0.058464849
27059130301,-0.048884404,0.073775087
27067780600,-0.048736097,0.042264914
27169670800,-0.048631334,0.059114735
27037061108,-0.048465775,0.038080252
27037060733,-0.048214751,0.013812875
27055020900,-0.048206278,0.104820628
27037061005,-0.048187973,0.04699323
27123037500,-0.048013884,0.032587736
27109000300,-0.047976501,0.113577023
27015960400,-0.04797219,0.098957126
27053126200,-0.047905282,0.025500911
27123035300,-0.047904192,0.024733142
27003050107,-0.047874241,0.030367989
27071790300,-0.047856431,0.111332669
27019090200,-0.047841021,0.046614328
27145000302,-0.047798185,0.073135649
27145000901,-0.047585227,0.058475379
27109001301,-0.047562426,0.026555688
27137000400,-0.047485431,0.061083531
27085950100,-0.047465961,0.070537065
27139080400,-0.047370914,0.070345808
27017070300,-0.047328244,0.040267176
27037061001,-0.047262397,0.033316116
27039950300,-0.047068209,0.094535301
27053110200,-0.04706566,0.041836142
27109002200,-0.046971865,0.050548402
27049080400,-0.04684466,0.054126214
27123032200,-0.04679803,0.080870279
27019090100,-0.046790541,0.042567568
27053026907,-0.046696035,0.048986784
27137003700,-0.046446818,0.100325128
27123040604,-0.046389726,0.025029485
27109001302,-0.046270718,0.022099448
27099000600,-0.046144317,0.071539176
27147960500,-0.046103183,0.116721551
27037060508,-0.046034112,0.014737539
27019090503,-0.045990566,0.003537736
27123040503,-0.045980032,0.031266421
27119020300,-0.045977011,0.03887762
27163070205,-0.045948617,0.039031621
27123030100,-0.045930357,0.018799402
27013170600,-0.04570185,0.135473341
27037060505,-0.045678383,0.055697062
27021960801,-0.045654083,0.060286801
27109001601,-0.045574478,0.02494603
27003051600,-0.045479963,0.041006524
27013170100,-0.045363308,0.039542352
27053020301,-0.0453125,0.118359375
27137000600,-0.045311269,0.041962175
27113090200,-0.045287187,0.127761414
27053025803,-0.045266178,0.050366592
27059130501,-0.045258621,0.038074713
27163071101,-0.045217868,0.02959715
27053022901,-0.045120457,0.049612087
27109000400,-0.045092025,0.032208589
27053024500,-0.045049063,0.026315789
27053012001,-0.044768526,0.016788197
27123035700,-0.044690447,0.015580156
27079950500,-0.044553301,0.082341964
27037061009,-0.044444444,0.012050078
27003050606,-0.044380403,0.085302594
27145010101,-0.044373348,0.024620949
27053026610,-0.044344321,0.020393645
27053027102,-0.044329004,0.024588745
27085950200,-0.044324058,0.043092834
27139080500,-0.044174489,0.073992269
27163070910,-0.044162129,0.049808429
27053122600,-0.044008715,0.023965142
27053012003,-0.043942577,0.021358543
27123042602,-0.043928719,0.060505595
27073180200,-0.043864849,0.119146414
27053010700,-0.043804262,0.008681926
27035950400,-0.043680297,0.072490706
27141030402,-0.043672199,0.029149378
27109001501,-0.043623044,0.029304029
27123040401,-0.043514412,0.039634146
27019091000,-0.043466249,0.057924302
27141030300,-0.043342637,0.045312757
27019090601,-0.043318817,0.022003209
27037060820,-0.043188967,0.005685942
27053025903,-0.043125755,0.026392962
27037060817,-0.043094387,0.011561909
27053024801,-0.043092522,0.040135192
27123030202,-0.043084877,0.008186127
27053027202,-0.04307869,0.052268811
27037061102,-0.043030442,0.077592126
27137014100,-0.042966043,0.142758143
27059130600,-0.042909471,0.046310832
27039950400,-0.042892494,0.061864174
27037061402,-0.042860831,0.039762458
27147960600,-0.042802548,0.122547771
27137010400,-0.042747221,0.050726703
27061480700,-0.042679191,0.07514805
27053022400,-0.042616721,0.026058632
27057070100,-0.042557652,0.049056604
27053109000,-0.042491269,0.021536671
27053000300,-0.042424242,0.033636364
27037060824,-0.042257598,0.043704776
27053007700,-0.042256791,0.024378918
27139080904,-0.042202522,0.037707579
27141030200,-0.042179968,0.027718265
27037060738,-0.042150275,0.061698228
27025110502,-0.042090657,0.054579093
27103480400,-0.041985816,0.056170213
27053026510,-0.041911148,0.046940486
27137013300,-0.041890744,0.082932352
27007450701,-0.041879252,0.054846939
27039950200,-0.041799852,0.062208016
27053027601,-0.041772152,0.028101266
27009020300,-0.041760722,0.069977427
27003050704,-0.041756815,0.068585028
27053026712,-0.041617122,0.012782402
27037060821,-0.041589306,0.046416636
27053107500,-0.041578947,0.031052632
27037060714,-0.041564792,0.013336297
27003051203,-0.041535226,0.016824395
27013170400,-0.041455161,0.095600677
27019091100,-0.041323529,0.022941176
27123041302,-0.041312628,0.125695869
27123034602,-0.041263701,0.062970127
27083360300,-0.041252073,0.04933665
27163071207,-0.041195823,0.03661851
27131070902,-0.041107872,0.153644315
27037060402,-0.041088127,0.04165486
27047180700,-0.04107934,0.100684656
27123035800,-0.041031653,0.0332161
27055020300,-0.040940413,0.084718281
27053110900,-0.040901008,0.037937167
27171100701,-0.040556393,0.057817999
27037060818,-0.04040664,0.013254407
27131070501,-0.040151157,0.05904582
27123034000,-0.040123457,0.024074074
27171100802,-0.040104682,0.040741265
27123034900,-0.040059903,0
27053024700,-0.039911308,0.095660437
27139080600,-0.039897698,0.023529412
27147960300,-0.039782106,0.062396831
27037060606,-0.039739884,0.046965318
27109001100,-0.039729253,0.055326663
27075370100,-0.039675581,0.09162648
27053026711,-0.03957529,0.037966538
27017070100,-0.039400346,0.123582549
27109002300,-0.039392906,0.023021828
27123037403,-0.039366647,0.047646717
27053021800,-0.039308855,0.079913607
27049080700,-0.039306358,0.078323699
27053026103,-0.03926513,0.025216138
27053020902,-0.039066008,0.035473731
27141030502,-0.038780467,0.046151269
27123030201,-0.038764511,0.061774461
27137012600,-0.038693572,0.078843353
27169670200,-0.038544558,0.051187172
27163071010,-0.038376974,0.002198681
27137000500,-0.038290294,0.010685663
27123037100,-0.038166311,0.07803838
27123041200,-0.038145101,0.059586138
27067780400,-0.038024822,0.067071561
27091790500,-0.037932251,0.096683133
27035951301,-0.037910699,0.085930918
27163070304,-0.037881874,0.09287169
27053026714,-0.037881793,0.019833399
27003050223,-0.037828947,0.034868421
27053025906,-0.037813791,0.007149666
27053026512,-0.037643778,0.035726734
27145000801,-0.037605766,0.071450956
27171100703,-0.037563452,0.037563452
27063480400,-0.037304075,0.102507837
27037060828,-0.0371383,0.02734108
27053026104,-0.037072019,0.032349469
27053026101,-0.037070524,0.023508137
27053026612,-0.036981415,0.004223766
27037060103,-0.036773428,0.07275603
27123041002,-0.036729858,0.041765403
27169670300,-0.036614258,0.102950678
27171100801,-0.036569718,0.018819504
27037060201,-0.03652968,0.040334855
27109001402,-0.036403472,0.017106261
27137000900,-0.036235955,0.041011236
27123041103,-0.03618121,0.085436303
27037061105,-0.035986452,0.081710415
27003050821,-0.035925613,0.013947591
27037060721,-0.03591059,0.030414071
27163070907,-0.03587963,0.043016975
27053026207,-0.035546262,0.038159958
27041451000,-0.035514854,0.060531606
27171100300,-0.035411471,0.052202826
27037060301,-0.035408209,0.137573297
27019091202,-0.035266192,0.052899288
27157490600,-0.035215543,0.078324226
27053027101,-0.035173706,0.01686608
27053024300,-0.035113235,0.034905464
27003050232,-0.035083291,0.033316507
27139080201,-0.035069444,0.009375
27093560300,-0.034968979,0.093626622
27157490300,-0.034940945,0.091043307
27123036900,-0.034706155,0.10180472
27163070104,-0.034696406,0.087670384
27053021505,-0.03458752,0.029679832
27009020203,-0.034535104,0.037191651
27137015700,-0.034520548,0.093150685
27053100500,-0.034413965,0.073316708
27053109800,-0.034302049,0.023106241
27003051305,-0.034200969,0.102905569
27037060812,-0.034042553,0.057937807
27037060813,-0.033879036,0.035015916
27053026715,-0.033728919,0
27161790100,-0.033685969,0.052616927
27053026021,-0.033639884,0.014036786
27109001701,-0.03359279,0.074354773
27003050208,-0.033559023,0.017662644
27053027002,-0.033514493,0.032971014
27037061007,-0.033367662,0.018949537
27037060604,-0.033304622,0.029572208
27123042402,-0.033262562,0.050955414
27053022000,-0.033183352,0.028683915
27123036100,-0.033158813,0.053519488
27037060906,-0.033136095,0.014792899
27053025301,-0.033042157,0.039118876
27003050602,-0.032742681,0.026579353
27053026201,-0.032662584,0.018081073
27037061501,-0.0324,0.0456
27053026208,-0.032203958,0.010063737
27163070601,-0.032142857,0.040584416
27053026713,-0.032083145,0.020786263
27025110302,-0.032014448,0.040059104
27053021300,-0.031838856,0.10331384
27003050226,-0.031822565,0.010607522
27109000903,-0.031684449,0.038797284
27019090701,-0.031577394,0.016083813
27053022102,-0.031548056,0.050623624
27037060806,-0.031490897,0.012301132
27163070105,-0.031458532,0.01620591
27163070206,-0.031413613,0.02204464
27163071012,-0.031365314,0.025215252
27163071001,-0.031230481,0.013116802
27013171300,-0.031089414,0.039054471
27137003000,-0.031051517,0.045165843
27037060729,-0.030973451,0
27003050806,-0.030914826,0.047003155
27053026206,-0.030751378,0.063533507
27163070701,-0.030674847,0.036079462
27053026018,-0.030613621,0.004450438
27123041105,-0.030612245,0.039026137
27053110400,-0.030567686,0.013682678
27003050228,-0.030558276,0.026052889
27123034500,-0.030530873,0.056732741
27109001202,-0.030409992,0.011132229
27053025701,-0.030388693,0.028127208
27003050227,-0.030290011,0.018474758
27037060742,-0.030258084,0.004449718
27053025905,-0.030232558,0.048546512
27153790100,-0.030171073,0.125660964
27003050235,-0.030135088,0.035677174
27139080903,-0.030123284,0.014654571
27053106600,-0.030095238,0.011809524
27003050220,-0.030012167,0.038258754
27163071206,-0.030006404,0.025157808
27141030504,-0.030001948,0.025521138
27027030106,-0.029945999,0.096710849
27131070901,-0.029837413,0.083080222
27003050224,-0.029833943,0.021953279
27037060732,-0.02981778,0.006073992
27053000601,-0.029625026,0.053449347
27157490100,-0.029553011,0.069080163
27013170800,-0.02934031,0.022612596
27003050808,-0.029315961,0.071661238
27123041900,-0.029292343,0.024071926
27109000901,-0.029286649,0.019306283
27163071300,-0.029258293,0.03224003
27163071013,-0.029234916,0.057225793
27053110100,-0.029229083,0.020825722
27053026301,-0.029189189,0.047027027
27053025802,-0.029117775,0.023902651
27053111500,-0.029117035,0.008130081
27139081300,-0.028808536,0.041019561
27013170200,-0.02879494,0.02879494
27123041601,-0.02875502,0.02875502
27161790200,-0.028665029,0.06961507
27139080905,-0.028664871,0.021161985
27131070800,-0.02865443,0.070381619
27139080205,-0.0286174,0.007355476
27163070502,-0.028606658,0.041923551
27119020600,-0.028589058,0.084944467
27003050109,-0.028582103,0.036988605
27123030703,-0.028526855,0.060619568
27053106500,-0.028522672,0.048269137
27037060202,-0.028360049,0.067509248
27171101000,-0.02830404,0.052042913
27003050902,-0.028259992,0.038352846
27053122500,-0.028250216,0.084462381
27109000600,-0.028147163,0.105939716
27053026908,-0.028115016,0.019488818
27039950100,-0.027948194,0.029993183
27037060716,-0.027792916,0.016893733
27123040803,-0.027771455,0.028909629
27019090401,-0.027754695,0.011135117
27123042503,-0.027726433,0.017252002
27123037601,-0.027483124,0.099083896
27037061008,-0.027358491,0.098113208
27053020102,-0.027280859,0.106887299
27053023903,-0.027160494,0.036419753
27025110402,-0.027077305,0.049193882
27053023501,-0.026998962,0.071910696
27123042102,-0.026997123,0.033193184
27019090702,-0.026966292,0.01187801
27053022301,-0.026942075,0.099685676
27037060826,-0.026830203,0.015970359
27053023600,-0.026606955,0.012644889
27053026015,-0.026517274,0.003174603
27131070504,-0.026420738,0.030159521
27137000100,-0.026414212,0.051192146
27053026005,-0.026328862,0.01266766
27123030900,-0.026327434,0.044469027
27123032300,-0.026253687,0.038938053
27147960700,-0.026223415,0.056163535
27123043000,-0.026182294,0.010309278
27163070906,-0.026158445,0.013639761
27171100900,-0.026084569,0.032811642
27003050210,-0.025761704,0.041367352
27053021504,-0.025743707,0.029748284
27053024006,-0.025726536,0.022391615
27053008100,-0.025672372,0.040342298
27137001100,-0.025579536,0.020783373
27123041104,-0.025484566,0.059224695
27003050818,-0.025462963,0.002645503
27131070100,-0.025377132,0.027068941
27053021001,-0.025345622,0.026168532
27123036000,-0.025322079,0.159040426
27019090900,-0.025309229,0.015223597
27123041700,-0.02520436,0.098433243
27053021400,-0.02520224,0.032669571
27037060603,-0.025175131,0.036558669
27003051400,-0.025153245,0.099978863
27003051002,-0.025074952,0.05696375
27139081000,-0.024935004,0.017135429
27163070301,-0.024915062,0.010758777
27163071003,-0.024878467,0.030311696
27003050215,-0.024823503,0.029606012
27053026022,-0.024606027,0.001935306
27085950300,-0.024574987,0.088032318
27053023502,-0.024571328,0.02068234
27123041500,-0.02454507,0.050148117
27163070404,-0.024541532,0.014023732
27037060747,-0.02448635,0.054320293
27003050233,-0.024477612,0.030746269
27037060743,-0.024463007,0.019093079
27137000200,-0.024455857,0.044265101
27137015300,-0.024351676,0.101518027
27003050605,-0.024232082,0.03668942
27139080202,-0.024207903,0.016553934
27053024003,-0.024176253,0.032949893
27037061107,-0.024062055,0.033560234
27053025805,-0.02398374,0.058536585
27053025401,-0.023932426,0.049507274
27123040705,-0.02386469,0.041241891
27123036500,-0.02386059,0.036193029
27053024200,-0.023841504,0.028878442
27053107600,-0.023809524,0.074134199
27171100204,-0.023804395,0.033498492
27109001703,-0.023764617,0.056393814
27085950400,-0.023718648,0.043347874
27119020100,-0.023660714,0.105133929
27003050216,-0.023584906,0.023410203
27053022200,-0.023549935,0.025948539
27003051201,-0.023482245,0.031500573
27037061401,-0.023380727,0.050236967
27163071400,-0.02337982,0.04443533
27163070911,-0.023374416,0.034636634
27053020700,-0.023355577,0.039561487
27037060717,-0.023336214,0.022039758
27053022801,-0.023311132,0.03472883
27053026014,-0.022952733,0.017700836
27123040100,-0.022824919,0.013560687
27037061106,-0.022803488,0.072099262
27003050229,-0.02276826,0.030883679
27025110600,-0.022671569,0.025939542
27103480501,-0.022616408,0.075831486
27123040801,-0.022454308,0.040469974
27163071209,-0.022306675,0.019662921
27023950400,-0.022232305,0.072595281
27137000700,-0.022071912,0.028479886
27003050805,-0.021774856,0.018351137
27163071102,-0.021687782,0.028559158
27163070106,-0.021667855,0.015253029
27035951200,-0.021665538,0.116790792
27053023700,-0.02162927,0.0194057
27123036600,-0.021582734,0.035457348
27037060605,-0.021526419,0.021526419
27139080204,-0.021486124,0.018800358
27035950900,-0.02144873,0.059266228
27147960200,-0.021336889,0.020836806
27123030300,-0.021293628,0.025776497
27053026710,-0.021201779,0.027717448
27053026822,-0.020851624,0.017339772
27037060822,-0.020603385,0.015452539
27019090602,-0.02044293,0.010902896
27049080102,-0.020397669,0.047651697
27053026812,-0.020313565,0.013087935
27123033900,-0.020080321,0.078313253
27019090402,-0.01986755,0.009169638
27163070909,-0.019811321,0.014716981
27109001000,-0.01979781,0.039385004
27003050712,-0.019797199,0.027522936
27053026706,-0.019673829,0.009578048
27123041106,-0.019439045,0.025270758
27163071006,-0.019195046,0.032198142
27003050221,-0.01911967,0.018569464
27019090502,-0.018951358,0.061591914
27053011703,-0.01889874,0.030331311
27163070204,-0.01864319,0.011565683
27103480300,-0.018308081,0.059132997
27053026906,-0.01826484,0.01024312
27053111100,-0.018187067,0.060046189
27003050222,-0.018167762,0.012176266
27053111400,-0.01804797,0.006174305
27123036400,-0.018022657,0.038105046
27055020100,-0.017941125,0.03954015
27037060728,-0.017926258,0.040537788
27053026006,-0.017851013,0.013731548
27053021700,-0.01779153,0.076967705
27123040601,-0.017649135,0.038475115
27131070602,-0.017368421,0.059473684
27163071011,-0.017357763,0.011250402
27053108900,-0.016956716,0.045069166
27053026910,-0.016766904,0.082923273
27053024901,-0.016728625,0.00929368
27163071017,-0.016724823,0.001684514
27053021900,-0.016632623,0.047855267
27003050234,-0.01659496,0.011063307
27053108000,-0.016544118,0.009191176
27053000603,-0.016520211,0.060105448
27109001203,-0.016485384,0.002379334
27053111200,-0.016483516,0.023199023
27053026716,-0.016462389,0.001682288
27037060507,-0.016407599,0.020149683
27053111300,-0.016129032,0.014699878
27003050710,-0.016061085,0.067403897
27037060902,-0.015892932,0.025512338
27053022902,-0.015892421,0.025672372
27053026606,-0.015854142,0.009116132
27163070405,-0.015806323,0.021208483
27123037000,-0.015798923,0.030520646
27109001503,-0.015646572,0.02669121
27053026708,-0.015505197,0.045322883
27145000402,-0.015315499,0.016540739
27053026505,-0.015147265,0.020196353
27053024100,-0.015119444,0.039915331
27109001603,-0.015057811,0.047862329
27053026402,-0.014668367,0.047672194
27053027504,-0.014543339,0.005817336
27013170500,-0.014502924,0.052163743
27053110500,-0.014443692,0.037463327
27163071016,-0.014412887,0.007206443
27139081200,-0.014254726,0.070808801
27163071018,-0.014236767,0.002599244
27003050230,-0.014102032,0.016175861
27123035200,-0.013892909,0.018813314
27163070403,-0.013828425,0.022279129
27019090800,-0.013540291,0.007375605
27053011800,-0.013510747,0.029477994
27123035000,-0.013400335,0.003350084
27003050807,-0.0132469,0.098083427
27163070203,-0.01321335,0.028590956
27003050108,-0.013210798,0.01799732
27037060734,-0.013036974,0.008762556
27003050219,-0.012995668,0.01032989
27053023802,-0.012843382,0.019265073
27123041800,-0.012765957,0.025797872
27003050711,-0.012734864,0.01085595
27053026302,-0.01264334,0.015583652
27003051103,-0.012597984,0.024076148
27123042401,-0.012545657,0.080196919
27053026013,-0.012510975,0.00570676
27037060730,-0.012451771,0.005612066
27053010600,-0.012354152,0.012697323
27053026707,-0.012301918,0.011259383
27053022101,-0.012195122,0.024759793
27035951302,-0.012193113,0.056681496
27003050504,-0.012181195,0.03882756
27053026605,-0.012178245,0.039856075
27123040603,-0.011797852,0.013030463
27123040504,-0.011752938,0.058764691
27123040706,-0.011625616,0.037635468
27053027700,-0.011426197,0.016619923
27131070503,-0.011422977,0.016971279
27015960200,-0.011375948,0.026543879
27123042504,-0.011369789,0.041418517
27037060731,-0.011296882,0.010167194
27053026403,-0.010985658,0.099176076
27037060823,-0.01055409,0.016358839
27003050819,-0.010414453,0.012114772
27003051001,-0.01038961,0.076808905
27003050816,-0.010324484,0.029498525
27053026611,-0.010309278,0.023246412
27003050610,-0.010279227,0.023166616
27053026609,-0.01024735,0.025441696
27053027503,-0.00978109,0.018397764
27123041301,-0.009713977,0.037776579
27037060748,-0.009548611,0.041087963
27037060907,-0.009533494,0.006864116
27003050813,-0.00937601,0.061590689
27053101200,-0.009118541,0.025184542
27003050237,-0.0090269,0.025455858
27053027201,-0.00890835,0.022346369
27037060814,-0.008905013,0.006596306
27053111600,-0.008846858,0.025015253
27037061003,-0.008823529,0.012941176
27037060825,-0.008708273,0.007692308
27123035100,-0.00861678,0.021768707
27003050225,-0.008586232,0.008290155
27053105100,-0.008474576,0.028601695
27037060816,-0.008284212,0.010833201
27163070103,-0.008257963,0.073535195
27053110800,-0.008194906,0.038538206
27163071015,-0.007686622,0.032815965
27003050217,-0.007558331,0.018402892
27123040301,-0.007391763,0.011615628
27019090302,-0.007213364,0.018982536
27163070501,-0.007163324,0.016905444
27053026613,-0.006928645,0.008583247
27053023100,-0.006885593,0.00529661
27139081100,-0.006859688,0.018886414
27053026823,-0.006857413,0.011586664
27003050820,-0.006819591,0.046187229
27053026205,-0.006758833,0.013210445
27037061004,-0.006688963,0.010511228
27163071014,-0.006684173,0.007161614
27053026202,-0.006364922,0.039957567
27019090501,-0.006117455,0.030587276
27053109900,-0.005863539,0.020788913
27037060713,-0.004809344,0.006870491
27053027400,-0.004710316,0.03462082
27053026509,-0.00421006,0.007755373
27053021601,-0.003892833,0.024501946
27003050236,-0.003759398,0.008458647
27123040703,-0.001363884,0.032733224
27037060744,0,0.043533931
27053011704,0,0.039825762
27037060819,0,0
27053023902,0,0.007707129
27123040802,0,0
27031990000,0,0
27123980000,0,0
27075990100,0,0
27163070802,0,0
27163070801,0,0
27137990100,0,0